text,is_ironic
"Super cette pluie, j'adore Ãªtre trempÃ© ! ğŸ™„",1
"GÃ©nial, encore une rÃ©union inutile !",1
"Oh quelle joie, mon train est encore en retard !",1
"Fantastique, mon ordinateur a plantÃ© ! ğŸ˜’",1
"J'adore attendre pendant des heures, vraiment !",1
"Super cette pluie, j'adore Ãªtre trempÃ© ! ğŸ™„",1
"GÃ©nial, encore une rÃ©union inutile !",1
"Oh quelle joie, mon train est encore en retard !",1
"Fantastique, mon ordinateur a plantÃ© ! ğŸ˜’",1
"J'adore attendre pendant des heures, vraiment !",1
"Super cette pluie, j'adore Ãªtre trempÃ© ! ğŸ™„",1
"GÃ©nial, encore une rÃ©union inutile !",1
"Oh quelle joie, mon train est encore en retard !",1
"Fantastique, mon ordinateur a plantÃ© ! ğŸ˜’",1
"J'adore attendre pendant des heures, vraiment !",1
"Super cette pluie, j'adore Ãªtre trempÃ© ! ğŸ™„",1
"GÃ©nial, encore une rÃ©union inutile !",1
"Oh quelle joie, mon train est encore en retard !",1
"Fantastique, mon ordinateur a plantÃ© ! ğŸ˜’",1
"J'adore attendre pendant des heures, vraiment !",1
"Super cette pluie, j'adore Ãªtre trempÃ© ! ğŸ™„",1
"GÃ©nial, encore une rÃ©union inutile !",1
"Oh quelle joie, mon train est encore en retard !",1
"Fantastique, mon ordinateur a plantÃ© ! ğŸ˜’",1
"J'adore attendre pendant des heures, vraiment !",1
"Super cette pluie, j'adore Ãªtre trempÃ© ! ğŸ™„",1
"GÃ©nial, encore une rÃ©union inutile !",1
"Oh quelle joie, mon train est encore en retard !",1
"Fantastique, mon ordinateur a plantÃ© ! ğŸ˜’",1
"J'adore attendre pendant des heures, vraiment !",1
"Super cette pluie, j'adore Ãªtre trempÃ© ! ğŸ™„",1
"GÃ©nial, encore une rÃ©union inutile !",1
"Oh quelle joie, mon train est encore en retard !",1
"Fantastique, mon ordinateur a plantÃ© ! ğŸ˜’",1
"J'adore attendre pendant des heures, vraiment !",1
"Super cette pluie, j'adore Ãªtre trempÃ© ! ğŸ™„",1
"GÃ©nial, encore une rÃ©union inutile !",1
"Oh quelle joie, mon train est encore en retard !",1
"Fantastique, mon ordinateur a plantÃ© ! ğŸ˜’",1
"J'adore attendre pendant des heures, vraiment !",1
"Super cette pluie, j'adore Ãªtre trempÃ© ! ğŸ™„",1
"GÃ©nial, encore une rÃ©union inutile !",1
"Oh quelle joie, mon train est encore en retard !",1
"Fantastique, mon ordinateur a plantÃ© ! ğŸ˜’",1
"J'adore attendre pendant des heures, vraiment !",1
"Super cette pluie, j'adore Ãªtre trempÃ© ! ğŸ™„",1
"GÃ©nial, encore une rÃ©union inutile !",1
"Oh quelle joie, mon train est encore en retard !",1
"Fantastique, mon ordinateur a plantÃ© ! ğŸ˜’",1
"J'adore attendre pendant des heures, vraiment !",1
"Super cette pluie, j'adore Ãªtre trempÃ© ! ğŸ™„",1
"GÃ©nial, encore une rÃ©union inutile !",1
"Oh quelle joie, mon train est encore en retard !",1
"Fantastique, mon ordinateur a plantÃ© ! ğŸ˜’",1
"J'adore attendre pendant des heures, vraiment !",1
"Super cette pluie, j'adore Ãªtre trempÃ© ! ğŸ™„",1
"GÃ©nial, encore une rÃ©union inutile !",1
"Oh quelle joie, mon train est encore en retard !",1
"Fantastique, mon ordinateur a plantÃ© ! ğŸ˜’",1
"J'adore attendre pendant des heures, vraiment !",1
"Super cette pluie, j'adore Ãªtre trempÃ© ! ğŸ™„",1
"GÃ©nial, encore une rÃ©union inutile !",1
"Oh quelle joie, mon train est encore en retard !",1
"Fantastique, mon ordinateur a plantÃ© ! ğŸ˜’",1
"J'adore attendre pendant des heures, vraiment !",1
"Super cette pluie, j'adore Ãªtre trempÃ© ! ğŸ™„",1
"GÃ©nial, encore une rÃ©union inutile !",1
"Oh quelle joie, mon train est encore en retard !",1
"Fantastique, mon ordinateur a plantÃ© ! ğŸ˜’",1
"J'adore attendre pendant des heures, vraiment !",1
"Super cette pluie, j'adore Ãªtre trempÃ© ! ğŸ™„",1
"GÃ©nial, encore une rÃ©union inutile !",1
"Oh quelle joie, mon train est encore en retard !",1
"Fantastique, mon ordinateur a plantÃ© ! ğŸ˜’",1
"J'adore attendre pendant des heures, vraiment !",1
"Super cette pluie, j'adore Ãªtre trempÃ© ! ğŸ™„",1
"GÃ©nial, encore une rÃ©union inutile !",1
"Oh quelle joie, mon train est encore en retard !",1
"Fantastique, mon ordinateur a plantÃ© ! ğŸ˜’",1
"J'adore attendre pendant des heures, vraiment !",1
"Super cette pluie, j'adore Ãªtre trempÃ© ! ğŸ™„",1
"GÃ©nial, encore une rÃ©union inutile !",1
"Oh quelle joie, mon train est encore en retard !",1
"Fantastique, mon ordinateur a plantÃ© ! ğŸ˜’",1
"J'adore attendre pendant des heures, vraiment !",1
"Super cette pluie, j'adore Ãªtre trempÃ© ! ğŸ™„",1
"GÃ©nial, encore une rÃ©union inutile !",1
"Oh quelle joie, mon train est encore en retard !",1
"Fantastique, mon ordinateur a plantÃ© ! ğŸ˜’",1
"J'adore attendre pendant des heures, vraiment !",1
"Super cette pluie, j'adore Ãªtre trempÃ© ! ğŸ™„",1
"GÃ©nial, encore une rÃ©union inutile !",1
"Oh quelle joie, mon train est encore en retard !",1
"Fantastique, mon ordinateur a plantÃ© ! ğŸ˜’",1
"J'adore attendre pendant des heures, vraiment !",1
"Super cette pluie, j'adore Ãªtre trempÃ© ! ğŸ™„",1
"GÃ©nial, encore une rÃ©union inutile !",1
"Oh quelle joie, mon train est encore en retard !",1
"Fantastique, mon ordinateur a plantÃ© ! ğŸ˜’",1
"J'adore attendre pendant des heures, vraiment !",1
"Super cette pluie, j'adore Ãªtre trempÃ© ! ğŸ™„",1
"GÃ©nial, encore une rÃ©union inutile !",1
"Oh quelle joie, mon train est encore en retard !",1
"Fantastique, mon ordinateur a plantÃ© ! ğŸ˜’",1
"J'adore attendre pendant des heures, vraiment !",1
"Super cette pluie, j'adore Ãªtre trempÃ© ! ğŸ™„",1
"GÃ©nial, encore une rÃ©union inutile !",1
"Oh quelle joie, mon train est encore en retard !",1
"Fantastique, mon ordinateur a plantÃ© ! ğŸ˜’",1
"J'adore attendre pendant des heures, vraiment !",1
"Super cette pluie, j'adore Ãªtre trempÃ© ! ğŸ™„",1
"GÃ©nial, encore une rÃ©union inutile !",1
"Oh quelle joie, mon train est encore en retard !",1
"Fantastique, mon ordinateur a plantÃ© ! ğŸ˜’",1
"J'adore attendre pendant des heures, vraiment !",1
"Super cette pluie, j'adore Ãªtre trempÃ© ! ğŸ™„",1
"GÃ©nial, encore une rÃ©union inutile !",1
"Oh quelle joie, mon train est encore en retard !",1
"Fantastique, mon ordinateur a plantÃ© ! ğŸ˜’",1
"J'adore attendre pendant des heures, vraiment !",1
"Super cette pluie, j'adore Ãªtre trempÃ© ! ğŸ™„",1
"GÃ©nial, encore une rÃ©union inutile !",1
"Oh quelle joie, mon train est encore en retard !",1
"Fantastique, mon ordinateur a plantÃ© ! ğŸ˜’",1
"J'adore attendre pendant des heures, vraiment !",1
"Super cette pluie, j'adore Ãªtre trempÃ© ! ğŸ™„",1
"GÃ©nial, encore une rÃ©union inutile !",1
"Oh quelle joie, mon train est encore en retard !",1
"Fantastique, mon ordinateur a plantÃ© ! ğŸ˜’",1
"J'adore attendre pendant des heures, vraiment !",1
"Super cette pluie, j'adore Ãªtre trempÃ© ! ğŸ™„",1
"GÃ©nial, encore une rÃ©union inutile !",1
"Oh quelle joie, mon train est encore en retard !",1
"Fantastique, mon ordinateur a plantÃ© ! ğŸ˜’",1
"J'adore attendre pendant des heures, vraiment !",1
"Super cette pluie, j'adore Ãªtre trempÃ© ! ğŸ™„",1
"GÃ©nial, encore une rÃ©union inutile !",1
"Oh quelle joie, mon train est encore en retard !",1
"Fantastique, mon ordinateur a plantÃ© ! ğŸ˜’",1
"J'adore attendre pendant des heures, vraiment !",1
"Super cette pluie, j'adore Ãªtre trempÃ© ! ğŸ™„",1
"GÃ©nial, encore une rÃ©union inutile !",1
"Oh quelle joie, mon train est encore en retard !",1
"Fantastique, mon ordinateur a plantÃ© ! ğŸ˜’",1
"J'adore attendre pendant des heures, vraiment !",1
"Super cette pluie, j'adore Ãªtre trempÃ© ! ğŸ™„",1
"GÃ©nial, encore une rÃ©union inutile !",1
"Oh quelle joie, mon train est encore en retard !",1
"Fantastique, mon ordinateur a plantÃ© ! ğŸ˜’",1
"J'adore attendre pendant des heures, vraiment !",1
"Super cette pluie, j'adore Ãªtre trempÃ© ! ğŸ™„",1
"GÃ©nial, encore une rÃ©union inutile !",1
"Oh quelle joie, mon train est encore en retard !",1
"Fantastique, mon ordinateur a plantÃ© ! ğŸ˜’",1
"J'adore attendre pendant des heures, vraiment !",1
"Super cette pluie, j'adore Ãªtre trempÃ© ! ğŸ™„",1
"GÃ©nial, encore une rÃ©union inutile !",1
"Oh quelle joie, mon train est encore en retard !",1
"Fantastique, mon ordinateur a plantÃ© ! ğŸ˜’",1
"J'adore attendre pendant des heures, vraiment !",1
"Super cette pluie, j'adore Ãªtre trempÃ© ! ğŸ™„",1
"GÃ©nial, encore une rÃ©union inutile !",1
"Oh quelle joie, mon train est encore en retard !",1
"Fantastique, mon ordinateur a plantÃ© ! ğŸ˜’",1
"J'adore attendre pendant des heures, vraiment !",1
"Super cette pluie, j'adore Ãªtre trempÃ© ! ğŸ™„",1
"GÃ©nial, encore une rÃ©union inutile !",1
"Oh quelle joie, mon train est encore en retard !",1
"Fantastique, mon ordinateur a plantÃ© ! ğŸ˜’",1
"J'adore attendre pendant des heures, vraiment !",1
"Super cette pluie, j'adore Ãªtre trempÃ© ! ğŸ™„",1
"GÃ©nial, encore une rÃ©union inutile !",1
"Oh quelle joie, mon train est encore en retard !",1
"Fantastique, mon ordinateur a plantÃ© ! ğŸ˜’",1
"J'adore attendre pendant des heures, vraiment !",1
"Super cette pluie, j'adore Ãªtre trempÃ© ! ğŸ™„",1
"GÃ©nial, encore une rÃ©union inutile !",1
"Oh quelle joie, mon train est encore en retard !",1
"Fantastique, mon ordinateur a plantÃ© ! ğŸ˜’",1
"J'adore attendre pendant des heures, vraiment !",1
"Super cette pluie, j'adore Ãªtre trempÃ© ! ğŸ™„",1
"GÃ©nial, encore une rÃ©union inutile !",1
"Oh quelle joie, mon train est encore en retard !",1
"Fantastique, mon ordinateur a plantÃ© ! ğŸ˜’",1
"J'adore attendre pendant des heures, vraiment !",1
"Super cette pluie, j'adore Ãªtre trempÃ© ! ğŸ™„",1
"GÃ©nial, encore une rÃ©union inutile !",1
"Oh quelle joie, mon train est encore en retard !",1
"Fantastique, mon ordinateur a plantÃ© ! ğŸ˜’",1
"J'adore attendre pendant des heures, vraiment !",1
"Super cette pluie, j'adore Ãªtre trempÃ© ! ğŸ™„",1
"GÃ©nial, encore une rÃ©union inutile !",1
"Oh quelle joie, mon train est encore en retard !",1
"Fantastique, mon ordinateur a plantÃ© ! ğŸ˜’",1
"J'adore attendre pendant des heures, vraiment !",1
"Super cette pluie, j'adore Ãªtre trempÃ© ! ğŸ™„",1
"GÃ©nial, encore une rÃ©union inutile !",1
"Oh quelle joie, mon train est encore en retard !",1
"Fantastique, mon ordinateur a plantÃ© ! ğŸ˜’",1
"J'adore attendre pendant des heures, vraiment !",1
"Super cette pluie, j'adore Ãªtre trempÃ© ! ğŸ™„",1
"GÃ©nial, encore une rÃ©union inutile !",1
"Oh quelle joie, mon train est encore en retard !",1
"Fantastique, mon ordinateur a plantÃ© ! ğŸ˜’",1
"J'adore attendre pendant des heures, vraiment !",1
"Super cette pluie, j'adore Ãªtre trempÃ© ! ğŸ™„",1
"GÃ©nial, encore une rÃ©union inutile !",1
"Oh quelle joie, mon train est encore en retard !",1
"Fantastique, mon ordinateur a plantÃ© ! ğŸ˜’",1
"J'adore attendre pendant des heures, vraiment !",1
"Super cette pluie, j'adore Ãªtre trempÃ© ! ğŸ™„",1
"GÃ©nial, encore une rÃ©union inutile !",1
"Oh quelle joie, mon train est encore en retard !",1
"Fantastique, mon ordinateur a plantÃ© ! ğŸ˜’",1
"J'adore attendre pendant des heures, vraiment !",1
"Super cette pluie, j'adore Ãªtre trempÃ© ! ğŸ™„",1
"GÃ©nial, encore une rÃ©union inutile !",1
"Oh quelle joie, mon train est encore en retard !",1
"Fantastique, mon ordinateur a plantÃ© ! ğŸ˜’",1
"J'adore attendre pendant des heures, vraiment !",1
"Super cette pluie, j'adore Ãªtre trempÃ© ! ğŸ™„",1
"GÃ©nial, encore une rÃ©union inutile !",1
"Oh quelle joie, mon train est encore en retard !",1
"Fantastique, mon ordinateur a plantÃ© ! ğŸ˜’",1
"J'adore attendre pendant des heures, vraiment !",1
"Super cette pluie, j'adore Ãªtre trempÃ© ! ğŸ™„",1
"GÃ©nial, encore une rÃ©union inutile !",1
"Oh quelle joie, mon train est encore en retard !",1
"Fantastique, mon ordinateur a plantÃ© ! ğŸ˜’",1
"J'adore attendre pendant des heures, vraiment !",1
"Super cette pluie, j'adore Ãªtre trempÃ© ! ğŸ™„",1
"GÃ©nial, encore une rÃ©union inutile !",1
"Oh quelle joie, mon train est encore en retard !",1
"Fantastique, mon ordinateur a plantÃ© ! ğŸ˜’",1
"J'adore attendre pendant des heures, vraiment !",1
"Super cette pluie, j'adore Ãªtre trempÃ© ! ğŸ™„",1
"GÃ©nial, encore une rÃ©union inutile !",1
"Oh quelle joie, mon train est encore en retard !",1
"Fantastique, mon ordinateur a plantÃ© ! ğŸ˜’",1
"J'adore attendre pendant des heures, vraiment !",1
"Super cette pluie, j'adore Ãªtre trempÃ© ! ğŸ™„",1
"GÃ©nial, encore une rÃ©union inutile !",1
"Oh quelle joie, mon train est encore en retard !",1
"Fantastique, mon ordinateur a plantÃ© ! ğŸ˜’",1
"J'adore attendre pendant des heures, vraiment !",1
"Super cette pluie, j'adore Ãªtre trempÃ© ! ğŸ™„",1
"GÃ©nial, encore une rÃ©union inutile !",1
"Oh quelle joie, mon train est encore en retard !",1
"Fantastique, mon ordinateur a plantÃ© ! ğŸ˜’",1
"J'adore attendre pendant des heures, vraiment !",1
"J'adore vraiment ce film, il est excellent !",0
"Quelle belle journÃ©e, je suis content !",0
"Ce restaurant est vraiment bon, je recommande.",0
J'ai passÃ© un excellent week-end !,0
"Ce livre est passionnant, je ne peux pas m'arrÃªter.",0
"J'adore vraiment ce film, il est excellent !",0
"Quelle belle journÃ©e, je suis content !",0
"Ce restaurant est vraiment bon, je recommande.",0
J'ai passÃ© un excellent week-end !,0
"Ce livre est passionnant, je ne peux pas m'arrÃªter.",0
"J'adore vraiment ce film, il est excellent !",0
"Quelle belle journÃ©e, je suis content !",0
"Ce restaurant est vraiment bon, je recommande.",0
J'ai passÃ© un excellent week-end !,0
"Ce livre est passionnant, je ne peux pas m'arrÃªter.",0
"J'adore vraiment ce film, il est excellent !",0
"Quelle belle journÃ©e, je suis content !",0
"Ce restaurant est vraiment bon, je recommande.",0
J'ai passÃ© un excellent week-end !,0
"Ce livre est passionnant, je ne peux pas m'arrÃªter.",0
"J'adore vraiment ce film, il est excellent !",0
"Quelle belle journÃ©e, je suis content !",0
"Ce restaurant est vraiment bon, je recommande.",0
J'ai passÃ© un excellent week-end !,0
"Ce livre est passionnant, je ne peux pas m'arrÃªter.",0
"J'adore vraiment ce film, il est excellent !",0
"Quelle belle journÃ©e, je suis content !",0
"Ce restaurant est vraiment bon, je recommande.",0
J'ai passÃ© un excellent week-end !,0
"Ce livre est passionnant, je ne peux pas m'arrÃªter.",0
"J'adore vraiment ce film, il est excellent !",0
"Quelle belle journÃ©e, je suis content !",0
"Ce restaurant est vraiment bon, je recommande.",0
J'ai passÃ© un excellent week-end !,0
"Ce livre est passionnant, je ne peux pas m'arrÃªter.",0
"J'adore vraiment ce film, il est excellent !",0
"Quelle belle journÃ©e, je suis content !",0
"Ce restaurant est vraiment bon, je recommande.",0
J'ai passÃ© un excellent week-end !,0
"Ce livre est passionnant, je ne peux pas m'arrÃªter.",0
"J'adore vraiment ce film, il est excellent !",0
"Quelle belle journÃ©e, je suis content !",0
"Ce restaurant est vraiment bon, je recommande.",0
J'ai passÃ© un excellent week-end !,0
"Ce livre est passionnant, je ne peux pas m'arrÃªter.",0
"J'adore vraiment ce film, il est excellent !",0
"Quelle belle journÃ©e, je suis content !",0
"Ce restaurant est vraiment bon, je recommande.",0
J'ai passÃ© un excellent week-end !,0
"Ce livre est passionnant, je ne peux pas m'arrÃªter.",0
"J'adore vraiment ce film, il est excellent !",0
"Quelle belle journÃ©e, je suis content !",0
"Ce restaurant est vraiment bon, je recommande.",0
J'ai passÃ© un excellent week-end !,0
"Ce livre est passionnant, je ne peux pas m'arrÃªter.",0
"J'adore vraiment ce film, il est excellent !",0
"Quelle belle journÃ©e, je suis content !",0
"Ce restaurant est vraiment bon, je recommande.",0
J'ai passÃ© un excellent week-end !,0
"Ce livre est passionnant, je ne peux pas m'arrÃªter.",0
"J'adore vraiment ce film, il est excellent !",0
"Quelle belle journÃ©e, je suis content !",0
"Ce restaurant est vraiment bon, je recommande.",0
J'ai passÃ© un excellent week-end !,0
"Ce livre est passionnant, je ne peux pas m'arrÃªter.",0
"J'adore vraiment ce film, il est excellent !",0
"Quelle belle journÃ©e, je suis content !",0
"Ce restaurant est vraiment bon, je recommande.",0
J'ai passÃ© un excellent week-end !,0
"Ce livre est passionnant, je ne peux pas m'arrÃªter.",0
"J'adore vraiment ce film, il est excellent !",0
"Quelle belle journÃ©e, je suis content !",0
"Ce restaurant est vraiment bon, je recommande.",0
J'ai passÃ© un excellent week-end !,0
"Ce livre est passionnant, je ne peux pas m'arrÃªter.",0
"J'adore vraiment ce film, il est excellent !",0
"Quelle belle journÃ©e, je suis content !",0
"Ce restaurant est vraiment bon, je recommande.",0
J'ai passÃ© un excellent week-end !,0
"Ce livre est passionnant, je ne peux pas m'arrÃªter.",0
"J'adore vraiment ce film, il est excellent !",0
"Quelle belle journÃ©e, je suis content !",0
"Ce restaurant est vraiment bon, je recommande.",0
J'ai passÃ© un excellent week-end !,0
"Ce livre est passionnant, je ne peux pas m'arrÃªter.",0
"J'adore vraiment ce film, il est excellent !",0
"Quelle belle journÃ©e, je suis content !",0
"Ce restaurant est vraiment bon, je recommande.",0
J'ai passÃ© un excellent week-end !,0
"Ce livre est passionnant, je ne peux pas m'arrÃªter.",0
"J'adore vraiment ce film, il est excellent !",0
"Quelle belle journÃ©e, je suis content !",0
"Ce restaurant est vraiment bon, je recommande.",0
J'ai passÃ© un excellent week-end !,0
"Ce livre est passionnant, je ne peux pas m'arrÃªter.",0
"J'adore vraiment ce film, il est excellent !",0
"Quelle belle journÃ©e, je suis content !",0
"Ce restaurant est vraiment bon, je recommande.",0
J'ai passÃ© un excellent week-end !,0
"Ce livre est passionnant, je ne peux pas m'arrÃªter.",0
"J'adore vraiment ce film, il est excellent !",0
"Quelle belle journÃ©e, je suis content !",0
"Ce restaurant est vraiment bon, je recommande.",0
J'ai passÃ© un excellent week-end !,0
"Ce livre est passionnant, je ne peux pas m'arrÃªter.",0
"J'adore vraiment ce film, il est excellent !",0
"Quelle belle journÃ©e, je suis content !",0
"Ce restaurant est vraiment bon, je recommande.",0
J'ai passÃ© un excellent week-end !,0
"Ce livre est passionnant, je ne peux pas m'arrÃªter.",0
"J'adore vraiment ce film, il est excellent !",0
"Quelle belle journÃ©e, je suis content !",0
"Ce restaurant est vraiment bon, je recommande.",0
J'ai passÃ© un excellent week-end !,0
"Ce livre est passionnant, je ne peux pas m'arrÃªter.",0
"J'adore vraiment ce film, il est excellent !",0
"Quelle belle journÃ©e, je suis content !",0
"Ce restaurant est vraiment bon, je recommande.",0
J'ai passÃ© un excellent week-end !,0
"Ce livre est passionnant, je ne peux pas m'arrÃªter.",0
"J'adore vraiment ce film, il est excellent !",0
"Quelle belle journÃ©e, je suis content !",0
"Ce restaurant est vraiment bon, je recommande.",0
J'ai passÃ© un excellent week-end !,0
"Ce livre est passionnant, je ne peux pas m'arrÃªter.",0
"J'adore vraiment ce film, il est excellent !",0
"Quelle belle journÃ©e, je suis content !",0
"Ce restaurant est vraiment bon, je recommande.",0
J'ai passÃ© un excellent week-end !,0
"Ce livre est passionnant, je ne peux pas m'arrÃªter.",0
"J'adore vraiment ce film, il est excellent !",0
"Quelle belle journÃ©e, je suis content !",0
"Ce restaurant est vraiment bon, je recommande.",0
J'ai passÃ© un excellent week-end !,0
"Ce livre est passionnant, je ne peux pas m'arrÃªter.",0
"J'adore vraiment ce film, il est excellent !",0
"Quelle belle journÃ©e, je suis content !",0
"Ce restaurant est vraiment bon, je recommande.",0
J'ai passÃ© un excellent week-end !,0
"Ce livre est passionnant, je ne peux pas m'arrÃªter.",0
"J'adore vraiment ce film, il est excellent !",0
"Quelle belle journÃ©e, je suis content !",0
"Ce restaurant est vraiment bon, je recommande.",0
J'ai passÃ© un excellent week-end !,0
"Ce livre est passionnant, je ne peux pas m'arrÃªter.",0
"J'adore vraiment ce film, il est excellent !",0
"Quelle belle journÃ©e, je suis content !",0
"Ce restaurant est vraiment bon, je recommande.",0
J'ai passÃ© un excellent week-end !,0
"Ce livre est passionnant, je ne peux pas m'arrÃªter.",0
"J'adore vraiment ce film, il est excellent !",0
"Quelle belle journÃ©e, je suis content !",0
"Ce restaurant est vraiment bon, je recommande.",0
J'ai passÃ© un excellent week-end !,0
"Ce livre est passionnant, je ne peux pas m'arrÃªter.",0
"J'adore vraiment ce film, il est excellent !",0
"Quelle belle journÃ©e, je suis content !",0
"Ce restaurant est vraiment bon, je recommande.",0
J'ai passÃ© un excellent week-end !,0
"Ce livre est passionnant, je ne peux pas m'arrÃªter.",0
"J'adore vraiment ce film, il est excellent !",0
"Quelle belle journÃ©e, je suis content !",0
"Ce restaurant est vraiment bon, je recommande.",0
J'ai passÃ© un excellent week-end !,0
"Ce livre est passionnant, je ne peux pas m'arrÃªter.",0
"J'adore vraiment ce film, il est excellent !",0
"Quelle belle journÃ©e, je suis content !",0
"Ce restaurant est vraiment bon, je recommande.",0
J'ai passÃ© un excellent week-end !,0
"Ce livre est passionnant, je ne peux pas m'arrÃªter.",0
"J'adore vraiment ce film, il est excellent !",0
"Quelle belle journÃ©e, je suis content !",0
"Ce restaurant est vraiment bon, je recommande.",0
J'ai passÃ© un excellent week-end !,0
"Ce livre est passionnant, je ne peux pas m'arrÃªter.",0
"J'adore vraiment ce film, il est excellent !",0
"Quelle belle journÃ©e, je suis content !",0
"Ce restaurant est vraiment bon, je recommande.",0
J'ai passÃ© un excellent week-end !,0
"Ce livre est passionnant, je ne peux pas m'arrÃªter.",0
"J'adore vraiment ce film, il est excellent !",0
"Quelle belle journÃ©e, je suis content !",0
"Ce restaurant est vraiment bon, je recommande.",0
J'ai passÃ© un excellent week-end !,0
"Ce livre est passionnant, je ne peux pas m'arrÃªter.",0
"J'adore vraiment ce film, il est excellent !",0
"Quelle belle journÃ©e, je suis content !",0
"Ce restaurant est vraiment bon, je recommande.",0
J'ai passÃ© un excellent week-end !,0
"Ce livre est passionnant, je ne peux pas m'arrÃªter.",0
"J'adore vraiment ce film, il est excellent !",0
"Quelle belle journÃ©e, je suis content !",0
"Ce restaurant est vraiment bon, je recommande.",0
J'ai passÃ© un excellent week-end !,0
"Ce livre est passionnant, je ne peux pas m'arrÃªter.",0
"J'adore vraiment ce film, il est excellent !",0
"Quelle belle journÃ©e, je suis content !",0
"Ce restaurant est vraiment bon, je recommande.",0
J'ai passÃ© un excellent week-end !,0
"Ce livre est passionnant, je ne peux pas m'arrÃªter.",0
"J'adore vraiment ce film, il est excellent !",0
"Quelle belle journÃ©e, je suis content !",0
"Ce restaurant est vraiment bon, je recommande.",0
J'ai passÃ© un excellent week-end !,0
"Ce livre est passionnant, je ne peux pas m'arrÃªter.",0
"J'adore vraiment ce film, il est excellent !",0
"Quelle belle journÃ©e, je suis content !",0
"Ce restaurant est vraiment bon, je recommande.",0
J'ai passÃ© un excellent week-end !,0
"Ce livre est passionnant, je ne peux pas m'arrÃªter.",0
"J'adore vraiment ce film, il est excellent !",0
"Quelle belle journÃ©e, je suis content !",0
"Ce restaurant est vraiment bon, je recommande.",0
J'ai passÃ© un excellent week-end !,0
"Ce livre est passionnant, je ne peux pas m'arrÃªter.",0
"J'adore vraiment ce film, il est excellent !",0
"Quelle belle journÃ©e, je suis content !",0
"Ce restaurant est vraiment bon, je recommande.",0
J'ai passÃ© un excellent week-end !,0
"Ce livre est passionnant, je ne peux pas m'arrÃªter.",0
"J'adore vraiment ce film, il est excellent !",0
"Quelle belle journÃ©e, je suis content !",0
"Ce restaurant est vraiment bon, je recommande.",0
J'ai passÃ© un excellent week-end !,0
"Ce livre est passionnant, je ne peux pas m'arrÃªter.",0
"J'adore vraiment ce film, il est excellent !",0
"Quelle belle journÃ©e, je suis content !",0
"Ce restaurant est vraiment bon, je recommande.",0
J'ai passÃ© un excellent week-end !,0
"Ce livre est passionnant, je ne peux pas m'arrÃªter.",0
"J'adore vraiment ce film, il est excellent !",0
"Quelle belle journÃ©e, je suis content !",0
"Ce restaurant est vraiment bon, je recommande.",0
J'ai passÃ© un excellent week-end !,0
"Ce livre est passionnant, je ne peux pas m'arrÃªter.",0
"J'adore vraiment ce film, il est excellent !",0
"Quelle belle journÃ©e, je suis content !",0
"Ce restaurant est vraiment bon, je recommande.",0
J'ai passÃ© un excellent week-end !,0
"Ce livre est passionnant, je ne peux pas m'arrÃªter.",0
"J'adore vraiment ce film, il est excellent !",0
"Quelle belle journÃ©e, je suis content !",0
"Ce restaurant est vraiment bon, je recommande.",0
J'ai passÃ© un excellent week-end !,0
"Ce livre est passionnant, je ne peux pas m'arrÃªter.",0
"J'adore vraiment ce film, il est excellent !",0
"Quelle belle journÃ©e, je suis content !",0
"Ce restaurant est vraiment bon, je recommande.",0
J'ai passÃ© un excellent week-end !,0
"Ce livre est passionnant, je ne peux pas m'arrÃªter.",0
